{"text": " This is a test of the emergency broadcast system. No, it's not. It's a test of media recorder.", "segments": [{"id": 0, "seek": 0, "start": 0.0, "end": 7.0, "text": " This is a test of the emergency broadcast system. No, it's not. It's a test of media recorder.", "tokens": [50364, 639, 307, 257, 1500, 295, 264, 7473, 9975, 1185, 13, 883, 11, 309, 311, 406, 13, 467, 311, 257, 1500, 295, 3021, 37744, 13, 50714], "temperature": 0.0, "avg_logprob": -0.24916744232177734, "compression_ratio": 1.119047619047619, "no_speech_prob": 0.026332568377256393}], "language": "en"}